<?xml version="1.0" encoding="UTF-8"?>
<beans xmlns="http://www.springframework.org/schema/beans"
  	xmlns:xsi="http://www.w3.org/2001/XMLSchema-instance" 
  	xmlns:context="http://www.springframework.org/schema/context"
  	xmlns:tx="http://www.springframework.org/schema/tx"
  	xsi:schemaLocation="http://www.springframework.org/schema/beans
  	http://www.springframework.org/schema/beans/spring-beans-3.0.xsd
  	http://www.springframework.org/schema/context
  	http://www.springframework.org/schema/context/spring-context-3.0.xsd 
  	http://www.springframework.org/schema/tx 
  	http://www.springframework.org/schema/tx/spring-tx.xsd">

	<!-- Data Source -->
	<bean id="dataSourceBean" class="org.apache.commons.dbcp.BasicDataSource"
    	destroy-method="close">
    	<property name="driverClassName" value="org.postgresql.Driver" />
    	<property name="url" value="jdbc:postgresql://plop.inf.udec.cl:5432/ljury" />
    	<property name="username" value="ljury" />
    	<property name="password" value="luis378379" />
  	</bean>
  	
  	<!-- JURY DATABASE 
	<bean id="dataSourceBean" class="org.apache.commons.dbcp.BasicDataSource"
    	destroy-method="close">
    	<property name="driverClassName" value="org.postgresql.Driver" />
    	<property name="url" value="jdbc:postgresql://stevie.heliohost.org/lcjury_empresarial" />
    	<property name="username" value="lcjury" />
    	<property name="password" value="3mpr3sar!al3s" />
  	</bean>
  	-->
  	
	
	<!-- DAO implementations -->
	<bean id="actorDAOBean" class="es.model.actor.JdbcActorDAO" >
		<property name="dataSource" ref="dataSourceBean" />
	</bean>
	
	<bean id="relationDAOBean" class="es.model.relation.JdbcRelationDAO" >
		<property name="dataSource" ref="dataSourceBean" />
	</bean>
	
	<bean id="articleDAOBean" class="es.model.article.JdbcArticleDAO" >
		<property name="dataSource" ref="dataSourceBean" />
	</bean>
	
	<bean id="genreDAOBean" class="es.model.genre.JdbcGenreDAO" >
		<property name="dataSource" ref="dataSourceBean" />
	</bean>
	
	<bean id="movieDAOBean" class="es.model.movie.JdbcMovieDAO" >
		<property name="dataSource" ref="dataSourceBean" />
	</bean>
	
	<bean id="tagDAOBean" class="es.model.tag.JdbcTagDAO" >
		<property name="dataSource" ref="dataSourceBean" />
	</bean>
	
	<bean id="userDAOBean" class="es.model.user.JdbcUserDAO" >
		<property name="dataSource" ref="dataSourceBean" />
	</bean>
	
	<!-- Transaction management -->	
	<bean id="transactionManagerBean"
  			class="org.springframework.jdbc.datasource.DataSourceTransactionManager">
    	<property name="dataSource" ref="dataSourceBean" />
  	</bean>
  	
	<!-- ArticleService -->
	<bean id="articleServiceBean" class="es.model.service.ArticleService">
		<property name="UserDAO" ref="userDAOBean" />
		<property name="ArticleDAO" ref="articleDAOBean" />
		<property name="TagDAO" ref="tagDAOBean" />
		<property name="transactionManager" ref="transactionManagerBean" />
	</bean>
	
	<!-- UserService -->
	<bean id="userServiceBean" class="es.model.service.UserService">
		<property name="UserDAO" ref="userDAOBean" />
		<property name="ArticleDAO" ref="articleDAOBean" />
		<property name="transactionManager" ref="transactionManagerBean" />
	</bean>
	
 	<!-- MovieService -->
	<bean id="movieServiceBean" class="es.model.service.MovieService">
		<property name="ActorDAO" ref="actorDAOBean" />
		<property name="GenreDAO" ref="genreDAOBean" />
		<property name="RelationDAO" ref="relationDAOBean" />
		<property name="MovieDAO" ref="movieDAOBean" />
		<property name="transactionManager" ref="transactionManagerBean" />
	</bean>
</beans>